Instance,Terminal,Layer,X location,Y location,Voltage
FILLER_30_240,VSS,Metal1,122.6460,128.9800,0.000776
FILLER_30_233,VSS,Metal1,119.2860,128.9800,0.000776
FILLER_30_226,VSS,Metal1,115.9260,128.9800,0.000776
FILLER_30_219,VSS,Metal1,112.5660,128.9800,0.000776
FILLER_30_212,VSS,Metal1,109.2060,128.9800,0.000776
FILLER_30_194,VSS,Metal1,99.1200,128.5200,0.000131
FILLER_30_192,VSS,Metal1,98.4000,128.5200,0.000131
FILLER_30_173,VSS,Metal1,89.2800,128.5200,0.000353
FILLER_30_155,VSS,Metal1,80.4000,128.5200,0.000668
FILLER_30_145,VSS,Metal1,75.6000,128.5200,0.000810
FILLER_30_105,VSS,Metal1,57.1080,128.8960,0.001097
FILLER_30_98,VSS,Metal1,54.4860,128.9800,0.001115
FILLER_30_88,VSS,Metal1,48.2400,128.5200,0.001120
FILLER_30_84,VSS,Metal1,47.0280,128.8960,0.001120
FILLER_30_77,VSS,Metal1,44.4060,128.9800,0.001120
FILLER_30_70,VSS,Metal1,41.0460,128.9800,0.000168
FILLER_30_63,VSS,Metal1,37.6860,128.9800,0.000062
FILLER_30_56,VSS,Metal1,34.3260,128.9800,0.000051
FILLER_30_49,VSS,Metal1,30.9660,128.9800,0.000039
FILLER_30_42,VSS,Metal1,27.6060,128.9800,0.000027
FILLER_30_35,VSS,Metal1,24.2460,128.9800,0.000016
FILLER_30_28,VSS,Metal1,20.8860,128.9800,0.000016
FILLER_30_21,VSS,Metal1,17.5260,128.9800,0.000016
FILLER_30_14,VSS,Metal1,14.1660,128.9800,0.000016
FILLER_30_7,VSS,Metal1,10.8060,128.9800,0.000016
FILLER_30_0,VSS,Metal1,7.4460,128.9800,0.000016
FILLER_29_246,VSS,Metal1,124.0800,128.5200,0.000776
FILLER_29_244,VSS,Metal1,123.3600,128.5200,0.000776
FILLER_29_237,VSS,Metal1,121.2060,128.0590,0.000776
FILLER_29_230,VSS,Metal1,117.8460,128.0590,0.000776
FILLER_29_109,VSS,Metal1,58.3200,128.5200,0.001096
FILLER_29_74,VSS,Metal1,41.5200,128.5200,0.000168
FILLER_29_70,VSS,Metal1,40.3080,128.1430,0.000168
FILLER_29_63,VSS,Metal1,37.6860,128.0590,0.000062
FILLER_29_56,VSS,Metal1,34.3260,128.0590,0.000051
FILLER_29_49,VSS,Metal1,30.9660,128.0590,0.000039
FILLER_29_42,VSS,Metal1,27.6060,128.0590,0.000027
FILLER_29_35,VSS,Metal1,24.2460,128.0590,0.000016
FILLER_29_28,VSS,Metal1,20.8860,128.0590,0.000016
FILLER_29_21,VSS,Metal1,17.5260,128.0590,0.000016
FILLER_29_14,VSS,Metal1,14.1660,128.0590,0.000016
FILLER_29_7,VSS,Metal1,10.8060,128.0590,0.000016
FILLER_29_0,VSS,Metal1,7.4460,128.0590,0.000016
FILLER_28_246,VSS,Metal1,124.0800,120.9600,0.000159
FILLER_28_239,VSS,Metal1,122.1660,121.4200,0.000159
FILLER_28_232,VSS,Metal1,118.8060,121.4200,0.000159
FILLER_28_225,VSS,Metal1,115.4460,121.4200,0.000159
FILLER_28_209,VSS,Metal1,107.7660,121.4200,0.000122
FILLER_28_176,VSS,Metal1,91.1880,121.3360,0.000315
FILLER_28_155,VSS,Metal1,80.6400,120.9600,0.000315
FILLER_28_140,VSS,Metal1,73.2000,120.9600,0.000540
FILLER_28_138,VSS,Metal1,72.4800,120.9600,0.000540
FILLER_28_100,VSS,Metal1,54.2400,120.9600,0.000783
FILLER_28_64,VSS,Metal1,36.9600,120.9600,0.000494
FILLER_28_51,VSS,Metal1,30.4800,120.9600,0.000114
FILLER_28_49,VSS,Metal1,29.7600,120.9600,0.000114
FILLER_28_44,VSS,Metal1,27.1200,120.9600,0.000093
FILLER_28_30,VSS,Metal1,20.4000,120.9600,0.000099
FILLER_28_28,VSS,Metal1,19.6800,120.9600,0.000099
FILLER_28_21,VSS,Metal1,17.5260,121.4200,0.000099
FILLER_28_14,VSS,Metal1,14.1660,121.4200,0.000099
FILLER_28_7,VSS,Metal1,10.8060,121.4200,0.000099
FILLER_28_0,VSS,Metal1,7.4460,121.4200,0.000099
FILLER_27_241,VSS,Metal1,121.9200,120.9600,0.000159
FILLER_27_237,VSS,Metal1,120.4680,120.5830,0.000159
FILLER_27_230,VSS,Metal1,117.8460,120.4990,0.000159
FILLER_27_222,VSS,Metal1,113.2680,120.5830,0.000151
FILLER_27_214,VSS,Metal1,108.7200,120.9600,0.000122
FILLER_27_212,VSS,Metal1,108.0000,120.9600,0.000122
FILLER_27_205,VSS,Metal1,105.8460,120.4990,0.000122
FILLER_27_153,VSS,Metal1,79.4400,120.9600,0.000322
FILLER_27_151,VSS,Metal1,78.7200,120.9600,0.000322
FILLER_27_146,VSS,Metal1,76.0800,120.9600,0.000520
FILLER_27_144,VSS,Metal1,75.3600,120.9600,0.000520
FILLER_27_137,VSS,Metal1,71.7600,120.9600,0.000554
FILLER_27_133,VSS,Metal1,70.5480,120.5830,0.000556
FILLER_27_129,VSS,Metal1,67.9200,120.9600,0.000760
FILLER_27_127,VSS,Metal1,67.2000,120.9600,0.000760
FILLER_27_120,VSS,Metal1,65.0460,120.4990,0.000785
FILLER_27_79,VSS,Metal1,44.1600,120.9600,0.000781
FILLER_27_64,VSS,Metal1,36.7200,120.9600,0.000494
FILLER_27_46,VSS,Metal1,28.3200,120.9600,0.000102
FILLER_27_25,VSS,Metal1,18.0000,120.9600,0.000099
FILLER_27_21,VSS,Metal1,16.7880,120.5830,0.000099
FILLER_27_14,VSS,Metal1,14.1660,120.4990,0.000099
FILLER_27_7,VSS,Metal1,10.8060,120.4990,0.000099
FILLER_27_0,VSS,Metal1,7.4460,120.4990,0.000099
FILLER_26_246,VSS,Metal1,124.0800,113.4000,0.000241
FILLER_26_208,VSS,Metal1,105.8400,113.4000,0.000173
FILLER_26_206,VSS,Metal1,105.1200,113.4000,0.000169
FILLER_26_199,VSS,Metal1,102.9660,113.8600,0.000134
FILLER_26_193,VSS,Metal1,98.8800,113.4000,0.000279
FILLER_26_185,VSS,Metal1,95.5080,113.7760,0.000294
FILLER_26_178,VSS,Metal1,92.8860,113.8600,0.000294
FILLER_26_140,VSS,Metal1,73.2000,113.4000,0.000613
FILLER_26_136,VSS,Metal1,71.9880,113.7760,0.000616
FILLER_26_129,VSS,Metal1,69.3660,113.8600,0.000634
FILLER_26_122,VSS,Metal1,66.0060,113.8600,0.000785
FILLER_26_83,VSS,Metal1,45.8400,113.4000,0.000849
FILLER_26_81,VSS,Metal1,45.1200,113.4000,0.000849
FILLER_26_71,VSS,Metal1,40.0800,113.4000,0.000835
FILLER_26_69,VSS,Metal1,39.3600,113.4000,0.000810
FILLER_26_55,VSS,Metal1,32.4000,113.4000,0.000210
FILLER_26_48,VSS,Metal1,30.4860,113.8600,0.000207
FILLER_26_42,VSS,Metal1,26.1600,113.4000,0.000081
FILLER_26_40,VSS,Metal1,25.4400,113.4000,0.000038
FILLER_26_28,VSS,Metal1,20.1480,113.7760,0.000040
FILLER_26_21,VSS,Metal1,17.5260,113.8600,0.000043
FILLER_26_14,VSS,Metal1,14.1660,113.8600,0.000060
FILLER_26_7,VSS,Metal1,10.8060,113.8600,0.000060
FILLER_26_0,VSS,Metal1,7.4460,113.8600,0.000060
FILLER_25_204,VSS,Metal1,103.9200,113.4000,0.000134
FILLER_25_187,VSS,Metal1,96.0000,113.4000,0.000294
FILLER_25_183,VSS,Metal1,94.5480,113.0230,0.000294
FILLER_25_141,VSS,Metal1,73.9200,113.4000,0.000592
FILLER_25_129,VSS,Metal1,68.6280,113.0230,0.000634
FILLER_25_119,VSS,Metal1,63.1200,113.4000,0.000831
FILLER_25_115,VSS,Metal1,61.2000,113.4000,0.000856
FILLER_25_113,VSS,Metal1,60.4800,113.4000,0.000856
FILLER_25_105,VSS,Metal1,57.1080,113.0230,0.000873
FILLER_25_90,VSS,Metal1,49.2000,113.4000,0.000862
FILLER_25_86,VSS,Metal1,47.9880,113.0230,0.000862
FILLER_25_79,VSS,Metal1,45.3660,112.9390,0.000849
FILLER_25_70,VSS,Metal1,40.3080,113.0230,0.000835
FILLER_25_56,VSS,Metal1,33.5880,113.0230,0.000290
FILLER_25_49,VSS,Metal1,30.9660,112.9390,0.000210
FILLER_25_42,VSS,Metal1,27.6060,112.9390,0.000081
FILLER_25_35,VSS,Metal1,24.2460,112.9390,0.000038
FILLER_25_25,VSS,Metal1,18.2400,113.4000,0.000043
FILLER_25_21,VSS,Metal1,16.7880,113.0230,0.000043
FILLER_25_14,VSS,Metal1,13.4280,113.0230,0.000060
FILLER_25_7,VSS,Metal1,10.8060,112.9390,0.000060
FILLER_25_0,VSS,Metal1,7.4460,112.9390,0.000060
FILLER_24_194,VSS,Metal1,100.5660,106.3000,0.000153
FILLER_24_149,VSS,Metal1,77.7600,105.8400,0.000552
FILLER_24_102,VSS,Metal1,55.2000,105.8400,0.000899
FILLER_24_96,VSS,Metal1,52.0800,105.8400,0.000904
FILLER_24_92,VSS,Metal1,50.8680,106.2160,0.000904
FILLER_24_85,VSS,Metal1,48.2460,106.3000,0.000905
FILLER_24_64,VSS,Metal1,36.9600,105.8400,0.000785
FILLER_24_60,VSS,Metal1,35.5080,106.2160,0.000785
FILLER_24_53,VSS,Metal1,32.8860,106.3000,0.000703
FILLER_24_21,VSS,Metal1,16.0800,105.8400,0.000101
FILLER_24_11,VSS,Metal1,11.5200,105.8400,0.000106
FILLER_24_7,VSS,Metal1,10.0680,106.2160,0.000108
FILLER_24_0,VSS,Metal1,7.4460,106.3000,0.000115
FILLER_23_208,VSS,Metal1,105.8400,105.8400,0.000462
FILLER_23_201,VSS,Metal1,103.9260,105.3790,0.000409
FILLER_23_195,VSS,Metal1,99.6000,105.8400,0.000153
FILLER_23_158,VSS,Metal1,81.8400,105.8400,0.000500
FILLER_23_156,VSS,Metal1,81.1200,105.8400,0.000500
FILLER_23_149,VSS,Metal1,78.9660,105.3790,0.000552
FILLER_23_142,VSS,Metal1,75.6060,105.3790,0.000802
FILLER_23_124,VSS,Metal1,65.5200,105.8400,0.000851
FILLER_23_87,VSS,Metal1,48.0000,105.8400,0.000905
FILLER_23_83,VSS,Metal1,46.5480,105.4630,0.000905
FILLER_23_74,VSS,Metal1,41.5200,105.8400,0.000823
FILLER_23_66,VSS,Metal1,38.3880,105.4630,0.000810
FILLER_23_59,VSS,Metal1,35.7660,105.3790,0.000785
FILLER_23_52,VSS,Metal1,32.4060,105.3790,0.000702
FILLER_23_45,VSS,Metal1,29.0460,105.3790,0.000558
FILLER_23_32,VSS,Metal1,21.3600,105.8400,0.000083
FILLER_23_25,VSS,Metal1,19.4460,105.3790,0.000094
FILLER_22_205,VSS,Metal1,104.4000,98.2800,0.000399
FILLER_22_203,VSS,Metal1,103.6800,98.2800,0.000394
FILLER_22_193,VSS,Metal1,98.6400,98.2800,0.000167
FILLER_22_189,VSS,Metal1,97.4280,98.6560,0.000167
FILLER_22_182,VSS,Metal1,94.8060,98.7400,0.000167
FILLER_22_175,VSS,Metal1,91.4460,98.7400,0.000167
FILLER_22_168,VSS,Metal1,88.0860,98.7400,0.000167
FILLER_22_161,VSS,Metal1,84.7260,98.7400,0.000167
FILLER_22_154,VSS,Metal1,81.3660,98.7400,0.000167
FILLER_22_148,VSS,Metal1,77.0400,98.2800,0.000288
FILLER_22_144,VSS,Metal1,75.8280,98.6560,0.000290
FILLER_22_125,VSS,Metal1,66.2400,98.2800,0.000298
FILLER_22_118,VSS,Metal1,64.0860,98.7400,0.000297
FILLER_22_111,VSS,Metal1,60.7260,98.7400,0.000297
FILLER_22_105,VSS,Metal1,56.4000,98.2800,0.000285
FILLER_22_100,VSS,Metal1,54.2400,98.2800,0.000285
FILLER_22_94,VSS,Metal1,51.1200,98.2800,0.000223
FILLER_22_92,VSS,Metal1,50.4000,98.2800,0.000223
FILLER_22_85,VSS,Metal1,48.2460,98.7400,0.000216
FILLER_22_78,VSS,Metal1,44.8860,98.7400,0.000209
FILLER_22_71,VSS,Metal1,40.0800,98.2800,0.000175
FILLER_22_64,VSS,Metal1,38.1660,98.7400,0.000173
FILLER_22_57,VSS,Metal1,34.8060,98.7400,0.000116
FILLER_22_50,VSS,Metal1,31.4460,98.7400,0.000091
FILLER_22_43,VSS,Metal1,28.0860,98.7400,0.000068
FILLER_22_36,VSS,Metal1,24.7260,98.7400,0.000068
FILLER_22_29,VSS,Metal1,21.3660,98.7400,0.000068
FILLER_22_16,VSS,Metal1,14.3880,98.6560,0.000097
FILLER_22_7,VSS,Metal1,10.0680,98.6560,0.000119
FILLER_22_0,VSS,Metal1,7.4460,98.7400,0.000119
FILLER_21_209,VSS,Metal1,106.3200,98.2800,0.000457
FILLER_21_198,VSS,Metal1,101.7480,97.9030,0.000067
FILLER_21_191,VSS,Metal1,99.1260,97.8190,0.000167
FILLER_21_184,VSS,Metal1,95.7660,97.8190,0.000167
FILLER_21_177,VSS,Metal1,92.4060,97.8190,0.000167
FILLER_21_170,VSS,Metal1,89.0460,97.8190,0.000167
FILLER_21_163,VSS,Metal1,85.6860,97.8190,0.000167
FILLER_21_157,VSS,Metal1,81.6000,98.2800,0.000167
FILLER_21_120,VSS,Metal1,64.3080,97.9030,0.000297
FILLER_21_113,VSS,Metal1,61.6860,97.8190,0.000297
FILLER_21_106,VSS,Metal1,58.3260,97.8190,0.000297
FILLER_21_99,VSS,Metal1,54.9660,97.8190,0.000285
FILLER_21_92,VSS,Metal1,51.6060,97.8190,0.000223
FILLER_21_85,VSS,Metal1,48.2460,97.8190,0.000216
FILLER_21_78,VSS,Metal1,44.8860,97.8190,0.000209
FILLER_21_57,VSS,Metal1,33.6000,98.2800,0.000116
FILLER_21_41,VSS,Metal1,26.3880,97.9030,0.000068
FILLER_21_34,VSS,Metal1,23.7660,97.8190,0.000068
FILLER_21_24,VSS,Metal1,17.7600,98.2800,0.000097
FILLER_21_11,VSS,Metal1,11.2800,98.2800,0.000104
FILLER_21_4,VSS,Metal1,9.3660,97.8190,0.000119
FILLER_20_236,VSS,Metal1,119.5200,90.7200,0.001059
FILLER_20_150,VSS,Metal1,78.2400,90.7200,0.000205
FILLER_20_146,VSS,Metal1,76.7880,91.0960,0.000223
FILLER_20_139,VSS,Metal1,74.1660,91.1800,0.000234
FILLER_20_129,VSS,Metal1,67.9200,90.7200,0.000261
FILLER_20_122,VSS,Metal1,66.0060,91.1800,0.000261
FILLER_20_115,VSS,Metal1,62.6460,91.1800,0.000267
FILLER_20_108,VSS,Metal1,59.2860,91.1800,0.000269
FILLER_20_101,VSS,Metal1,55.9260,91.1800,0.000269
FILLER_20_81,VSS,Metal1,45.1200,90.7200,0.000237
FILLER_20_74,VSS,Metal1,42.9660,91.1800,0.000237
FILLER_20_51,VSS,Metal1,30.7200,90.7200,0.000112
FILLER_20_32,VSS,Metal1,22.8060,91.1800,0.000065
FILLER_20_25,VSS,Metal1,19.4460,91.1800,0.000070
FILLER_20_0,VSS,Metal1,7.4460,91.1800,0.000090
FILLER_19_245,VSS,Metal1,123.8400,90.7200,0.001079
FILLER_19_235,VSS,Metal1,118.8000,90.7200,0.001059
FILLER_19_204,VSS,Metal1,103.9200,90.7200,0.000199
FILLER_19_187,VSS,Metal1,96.0000,90.7200,0.000119
FILLER_19_180,VSS,Metal1,93.8460,90.2590,0.000119
FILLER_19_173,VSS,Metal1,90.4860,90.2590,0.000174
FILLER_19_145,VSS,Metal1,75.8400,90.7200,0.000228
FILLER_19_138,VSS,Metal1,73.6860,90.2590,0.000235
FILLER_19_125,VSS,Metal1,66.0000,90.7200,0.000261
FILLER_19_121,VSS,Metal1,64.7880,90.3430,0.000261
FILLER_19_93,VSS,Metal1,50.6400,90.7200,0.000254
FILLER_19_86,VSS,Metal1,48.7260,90.2590,0.000237
FILLER_19_79,VSS,Metal1,45.3660,90.2590,0.000237
FILLER_19_72,VSS,Metal1,42.0060,90.2590,0.000237
FILLER_19_65,VSS,Metal1,38.6460,90.2590,0.000237
FILLER_19_61,VSS,Metal1,35.2800,90.7200,0.000132
FILLER_19_56,VSS,Metal1,32.8800,90.7200,0.000118
FILLER_19_54,VSS,Metal1,32.1600,90.7200,0.000118
FILLER_19_47,VSS,Metal1,30.0060,90.2590,0.000112
FILLER_19_28,VSS,Metal1,19.6800,90.7200,0.000070
FILLER_19_24,VSS,Metal1,18.2280,90.3430,0.000070
FILLER_19_2,VSS,Metal1,6.9600,90.7200,0.000090
FILLER_19_0,VSS,Metal1,6.2400,90.7200,0.000090
FILLER_18_202,VSS,Metal1,103.2000,83.1600,0.000169
FILLER_18_167,VSS,Metal1,86.1600,83.1600,0.000144
FILLER_18_165,VSS,Metal1,85.4400,83.1600,0.000147
FILLER_18_155,VSS,Metal1,80.4000,83.1600,0.000192
FILLER_18_153,VSS,Metal1,79.6800,83.1600,0.000201
FILLER_18_146,VSS,Metal1,77.5260,83.6200,0.000215
FILLER_18_119,VSS,Metal1,63.3600,83.1600,0.000315
FILLER_18_112,VSS,Metal1,61.2060,83.6200,0.000315
FILLER_18_99,VSS,Metal1,54.2280,83.5360,0.000313
FILLER_18_92,VSS,Metal1,51.6060,83.6200,0.000310
FILLER_18_88,VSS,Metal1,48.2400,83.1600,0.000299
FILLER_18_81,VSS,Metal1,44.8800,83.1600,0.000278
FILLER_18_69,VSS,Metal1,39.3600,83.1600,0.000194
FILLER_18_65,VSS,Metal1,37.9080,83.5360,0.000190
FILLER_18_58,VSS,Metal1,35.2860,83.6200,0.000155
FILLER_18_51,VSS,Metal1,31.9260,83.6200,0.000149
FILLER_18_38,VSS,Metal1,24.2400,83.1600,0.000047
FILLER_18_31,VSS,Metal1,22.3260,83.6200,0.000054
FILLER_18_24,VSS,Metal1,18.9660,83.6200,0.000058
FILLER_18_17,VSS,Metal1,15.6060,83.6200,0.000061
FILLER_18_8,VSS,Metal1,10.0800,83.1600,0.000067
FILLER_18_4,VSS,Metal1,8.6280,83.5360,0.000070
FILLER_17_237,VSS,Metal1,119.7600,83.1600,0.000373
FILLER_17_221,VSS,Metal1,112.3200,83.1600,0.000335
FILLER_17_206,VSS,Metal1,105.1200,83.1600,0.000169
FILLER_17_195,VSS,Metal1,99.6000,83.1600,0.000084
FILLER_17_182,VSS,Metal1,94.0680,82.7830,0.000100
FILLER_17_175,VSS,Metal1,91.4460,82.6990,0.000101
FILLER_17_168,VSS,Metal1,88.0860,82.6990,0.000128
FILLER_17_161,VSS,Metal1,83.5200,83.1600,0.000170
FILLER_17_154,VSS,Metal1,81.3660,82.6990,0.000192
FILLER_17_147,VSS,Metal1,78.0060,82.6990,0.000213
FILLER_17_140,VSS,Metal1,74.6460,82.6990,0.000279
FILLER_17_126,VSS,Metal1,66.4800,83.1600,0.000310
FILLER_17_124,VSS,Metal1,65.7600,83.1600,0.000313
FILLER_17_117,VSS,Metal1,63.6060,82.6990,0.000315
FILLER_17_110,VSS,Metal1,60.2460,82.6990,0.000315
FILLER_17_103,VSS,Metal1,56.8860,82.6990,0.000315
FILLER_17_97,VSS,Metal1,52.8000,83.1600,0.000310
FILLER_17_93,VSS,Metal1,51.3480,82.7830,0.000310
FILLER_17_86,VSS,Metal1,48.7260,82.6990,0.000299
FILLER_17_68,VSS,Metal1,38.8800,83.1600,0.000194
FILLER_17_49,VSS,Metal1,29.7600,83.1600,0.000047
FILLER_17_45,VSS,Metal1,28.3080,82.7830,0.000047
FILLER_17_38,VSS,Metal1,25.6860,82.6990,0.000047
FILLER_17_26,VSS,Metal1,19.1880,82.7830,0.000058
FILLER_17_0,VSS,Metal1,6.2400,83.1600,0.000070
FILLER_16_164,VSS,Metal1,84.7200,75.6000,0.000679
FILLER_16_162,VSS,Metal1,84.0000,75.6000,0.000679
FILLER_16_143,VSS,Metal1,74.6400,75.6000,0.000772
FILLER_16_125,VSS,Metal1,66.2400,75.6000,0.000876
FILLER_16_121,VSS,Metal1,64.7880,75.9760,0.000881
FILLER_16_71,VSS,Metal1,40.0800,75.6000,0.000263
FILLER_16_58,VSS,Metal1,33.8400,75.6000,0.000208
FILLER_16_56,VSS,Metal1,33.1200,75.6000,0.000207
FILLER_16_50,VSS,Metal1,30.0000,75.6000,0.000207
FILLER_16_43,VSS,Metal1,28.0860,76.0600,0.000110
FILLER_16_34,VSS,Metal1,22.3200,75.6000,0.000074
FILLER_16_25,VSS,Metal1,18.0000,75.6000,0.000079
FILLER_16_23,VSS,Metal1,17.2800,75.6000,0.000079
FILLER_16_8,VSS,Metal1,10.0800,75.6000,0.000108
FILLER_16_4,VSS,Metal1,8.6280,75.9760,0.000108
FILLER_15_228,VSS,Metal1,115.6800,75.6000,0.003141
FILLER_15_201,VSS,Metal1,102.4800,75.6000,0.000282
FILLER_15_199,VSS,Metal1,101.7600,75.6000,0.000158
FILLER_15_151,VSS,Metal1,78.4800,75.6000,0.000724
FILLER_15_116,VSS,Metal1,61.6800,75.6000,0.000904
FILLER_15_114,VSS,Metal1,60.9600,75.6000,0.000904
FILLER_15_103,VSS,Metal1,55.6800,75.6000,0.000904
FILLER_15_96,VSS,Metal1,53.5260,75.1390,0.000904
FILLER_15_89,VSS,Metal1,50.1660,75.1390,0.000330
FILLER_15_79,VSS,Metal1,44.1600,75.6000,0.000291
FILLER_15_75,VSS,Metal1,42.7080,75.2230,0.000287
FILLER_15_68,VSS,Metal1,40.0860,75.1390,0.000263
FILLER_15_61,VSS,Metal1,36.7260,75.1390,0.000254
FILLER_15_52,VSS,Metal1,30.9600,75.6000,0.000207
FILLER_15_38,VSS,Metal1,24.4800,75.6000,0.000074
FILLER_15_31,VSS,Metal1,21.1200,75.6000,0.000074
FILLER_15_26,VSS,Metal1,18.4800,75.6000,0.000078
FILLER_15_22,VSS,Metal1,17.2680,75.2230,0.000079
FILLER_15_8,VSS,Metal1,9.8400,75.6000,0.000108
FILLER_14_191,VSS,Metal1,98.3880,68.4160,0.000139
FILLER_14_163,VSS,Metal1,84.2400,68.0400,0.000168
FILLER_14_161,VSS,Metal1,83.5200,68.0400,0.000168
FILLER_14_121,VSS,Metal1,64.3200,68.0400,0.000474
FILLER_14_86,VSS,Metal1,47.2800,68.0400,0.000496
FILLER_14_82,VSS,Metal1,46.0680,68.4160,0.000495
FILLER_14_75,VSS,Metal1,43.4460,68.5000,0.000487
FILLER_14_68,VSS,Metal1,40.0860,68.5000,0.000475
FILLER_14_61,VSS,Metal1,36.7260,68.5000,0.000474
FILLER_14_54,VSS,Metal1,33.3660,68.5000,0.000466
FILLER_14_43,VSS,Metal1,28.0860,68.5000,0.000058
FILLER_14_33,VSS,Metal1,22.0800,68.0400,0.000070
FILLER_14_29,VSS,Metal1,20.6280,68.4160,0.000071
FILLER_14_22,VSS,Metal1,18.0060,68.5000,0.000092
FILLER_13_245,VSS,Metal1,123.8400,68.0400,0.000406
FILLER_13_181,VSS,Metal1,93.5880,67.6630,0.000164
FILLER_13_150,VSS,Metal1,78.0000,68.0400,0.000284
FILLER_13_143,VSS,Metal1,76.0860,67.5790,0.000290
FILLER_13_136,VSS,Metal1,72.7260,67.5790,0.000364
FILLER_13_130,VSS,Metal1,68.4000,68.0400,0.000446
FILLER_13_128,VSS,Metal1,67.6800,68.0400,0.000446
FILLER_13_121,VSS,Metal1,65.5260,67.5790,0.000474
FILLER_13_114,VSS,Metal1,62.1660,67.5790,0.000501
FILLER_13_103,VSS,Metal1,55.6800,68.0400,0.000505
FILLER_13_99,VSS,Metal1,54.2280,67.6630,0.000505
FILLER_13_92,VSS,Metal1,51.6060,67.5790,0.000505
FILLER_13_74,VSS,Metal1,41.5200,68.0400,0.000475
FILLER_13_72,VSS,Metal1,40.8000,68.0400,0.000475
FILLER_13_65,VSS,Metal1,38.6460,67.5790,0.000474
FILLER_13_51,VSS,Metal1,30.4800,68.0400,0.000438
FILLER_13_47,VSS,Metal1,29.2680,67.6630,0.000058
FILLER_13_29,VSS,Metal1,20.1600,68.0400,0.000071
FILLER_13_25,VSS,Metal1,18.7080,67.6630,0.000092
FILLER_13_19,VSS,Metal1,15.1200,68.0400,0.000095
FILLER_13_17,VSS,Metal1,14.4000,68.0400,0.000101
FILLER_13_0,VSS,Metal1,6.2400,68.0400,0.000105
FILLER_12_209,VSS,Metal1,106.5600,60.4800,0.001132
FILLER_12_194,VSS,Metal1,99.1200,60.4800,0.000172
FILLER_12_174,VSS,Metal1,89.5200,60.4800,0.000308
FILLER_12_167,VSS,Metal1,87.6060,60.9400,0.000339
FILLER_12_159,VSS,Metal1,83.0280,60.8560,0.000431
FILLER_12_152,VSS,Metal1,79.6680,60.8560,0.000487
FILLER_12_145,VSS,Metal1,77.0460,60.9400,0.000585
FILLER_12_116,VSS,Metal1,61.9200,60.4800,0.000611
FILLER_12_111,VSS,Metal1,59.5200,60.4800,0.000616
FILLER_12_100,VSS,Metal1,54.0000,60.4800,0.000620
FILLER_12_84,VSS,Metal1,46.5600,60.4800,0.000612
FILLER_12_80,VSS,Metal1,45.1080,60.8560,0.000612
FILLER_12_60,VSS,Metal1,36.2460,60.9400,0.000339
FILLER_12_47,VSS,Metal1,28.5600,60.4800,0.000137
FILLER_12_35,VSS,Metal1,23.0400,60.4800,0.000100
FILLER_12_31,VSS,Metal1,21.5880,60.8560,0.000101
FILLER_12_24,VSS,Metal1,18.9660,60.9400,0.000103
FILLER_12_17,VSS,Metal1,15.6060,60.9400,0.000106
FILLER_11_245,VSS,Metal1,123.8400,60.4800,0.001397
FILLER_11_196,VSS,Metal1,100.7880,60.1030,0.000091
FILLER_11_165,VSS,Metal1,86.6460,60.0190,0.000339
FILLER_11_151,VSS,Metal1,78.4800,60.4800,0.000585
FILLER_11_149,VSS,Metal1,77.7600,60.4800,0.000585
FILLER_11_142,VSS,Metal1,75.6060,60.0190,0.000587
FILLER_11_135,VSS,Metal1,72.2460,60.0190,0.000587
FILLER_11_125,VSS,Metal1,66.0000,60.4800,0.000587
FILLER_11_121,VSS,Metal1,64.7880,60.1030,0.000587
FILLER_11_114,VSS,Metal1,62.1660,60.0190,0.000611
FILLER_11_107,VSS,Metal1,58.8060,60.0190,0.000616
FILLER_11_92,VSS,Metal1,50.4000,60.4800,0.000618
FILLER_11_88,VSS,Metal1,48.9480,60.1030,0.000615
FILLER_11_69,VSS,Metal1,39.3600,60.4800,0.000339
FILLER_11_65,VSS,Metal1,37.9080,60.1030,0.000339
FILLER_11_55,VSS,Metal1,33.8460,60.0190,0.000339
FILLER_11_48,VSS,Metal1,30.4860,60.0190,0.000296
FILLER_11_35,VSS,Metal1,23.0400,60.4800,0.000100
FILLER_11_22,VSS,Metal1,16.5600,60.4800,0.000106
FILLER_10_218,VSS,Metal1,110.8800,52.9200,0.000875
FILLER_10_203,VSS,Metal1,103.6800,52.9200,0.000721
FILLER_10_198,VSS,Metal1,101.0400,52.9200,0.000104
FILLER_10_196,VSS,Metal1,100.3200,52.9200,0.000113
FILLER_10_122,VSS,Metal1,64.5600,52.9200,0.000540
FILLER_10_120,VSS,Metal1,63.8400,52.9200,0.000540
FILLER_10_113,VSS,Metal1,61.6860,53.3800,0.000532
FILLER_10_108,VSS,Metal1,57.8400,52.9200,0.000517
FILLER_10_101,VSS,Metal1,55.9260,53.3800,0.000402
FILLER_10_94,VSS,Metal1,52.5660,53.3800,0.000401
FILLER_10_87,VSS,Metal1,49.2060,53.3800,0.000401
FILLER_10_80,VSS,Metal1,45.8460,53.3800,0.000400
FILLER_10_73,VSS,Metal1,42.4860,53.3800,0.000399
FILLER_10_51,VSS,Metal1,31.1880,53.2960,0.000096
FILLER_10_44,VSS,Metal1,28.5660,53.3800,0.000035
FILLER_10_37,VSS,Metal1,25.2060,53.3800,0.000029
FILLER_10_30,VSS,Metal1,21.8460,53.3800,0.000032
FILLER_10_8,VSS,Metal1,9.8400,52.9200,0.000038
FILLER_10_4,VSS,Metal1,8.6280,53.2960,0.000038
FILLER_9_237,VSS,Metal1,119.7600,52.9200,0.000878
FILLER_9_203,VSS,Metal1,103.6800,52.9200,0.000721
FILLER_9_182,VSS,Metal1,93.3600,52.9200,0.000249
FILLER_9_180,VSS,Metal1,92.6400,52.9200,0.000256
FILLER_9_165,VSS,Metal1,85.2000,52.9200,0.000255
FILLER_9_163,VSS,Metal1,84.4800,52.9200,0.000255
FILLER_9_152,VSS,Metal1,78.9600,52.9200,0.000533
FILLER_9_150,VSS,Metal1,78.2400,52.9200,0.000533
FILLER_9_137,VSS,Metal1,72.4680,52.5430,0.000534
FILLER_9_130,VSS,Metal1,69.8460,52.4590,0.000534
FILLER_9_123,VSS,Metal1,66.4860,52.4590,0.000538
FILLER_9_97,VSS,Metal1,54.0060,52.4590,0.000402
FILLER_9_90,VSS,Metal1,50.6460,52.4590,0.000401
FILLER_9_83,VSS,Metal1,47.2860,52.4590,0.000401
FILLER_9_76,VSS,Metal1,43.9260,52.4590,0.000400
FILLER_9_69,VSS,Metal1,40.5660,52.4590,0.000399
FILLER_9_49,VSS,Metal1,29.7600,52.9200,0.000035
FILLER_9_35,VSS,Metal1,22.8000,52.9200,0.000032
FILLER_9_28,VSS,Metal1,20.8860,52.4590,0.000032
FILLER_9_21,VSS,Metal1,17.5260,52.4590,0.000034
FILLER_9_15,VSS,Metal1,13.2000,52.9200,0.000037
FILLER_9_13,VSS,Metal1,12.4800,52.9200,0.000037
FILLER_9_8,VSS,Metal1,9.8400,52.9200,0.000038
FILLER_9_4,VSS,Metal1,8.6280,52.5430,0.000038
FILLER_8_211,VSS,Metal1,107.2800,45.3600,0.001240
FILLER_8_193,VSS,Metal1,98.6400,45.3600,0.000163
FILLER_8_181,VSS,Metal1,92.8800,45.3600,0.000503
FILLER_8_177,VSS,Metal1,91.6680,45.7360,0.000509
FILLER_8_170,VSS,Metal1,89.0460,45.8200,0.000532
FILLER_8_163,VSS,Metal1,85.6860,45.8200,0.000581
FILLER_8_135,VSS,Metal1,70.8000,45.3600,0.000638
FILLER_8_124,VSS,Metal1,65.7600,45.3600,0.000660
FILLER_8_105,VSS,Metal1,56.4000,45.3600,0.000686
FILLER_8_89,VSS,Metal1,49.4280,45.7360,0.000652
FILLER_8_67,VSS,Metal1,38.8680,45.7360,0.000445
FILLER_8_60,VSS,Metal1,36.2460,45.8200,0.000400
FILLER_8_46,VSS,Metal1,28.7880,45.7360,0.000267
FILLER_8_39,VSS,Metal1,26.1660,45.8200,0.000026
FILLER_8_26,VSS,Metal1,18.4800,45.3600,0.000029
FILLER_8_19,VSS,Metal1,16.5660,45.8200,0.000031
FILLER_8_9,VSS,Metal1,10.3200,45.3600,0.000032
FILLER_8_7,VSS,Metal1,9.6000,45.3600,0.000032
FILLER_8_0,VSS,Metal1,7.4460,45.8200,0.000032
FILLER_7_245,VSS,Metal1,123.8400,45.3600,0.001396
FILLER_7_179,VSS,Metal1,91.9200,45.3600,0.000509
FILLER_7_177,VSS,Metal1,91.2000,45.3600,0.000509
FILLER_7_170,VSS,Metal1,89.0460,44.8990,0.000532
FILLER_7_160,VSS,Metal1,82.8000,45.3600,0.000638
FILLER_7_156,VSS,Metal1,81.5880,44.9830,0.000638
FILLER_7_140,VSS,Metal1,74.6460,44.8990,0.000638
FILLER_7_133,VSS,Metal1,71.2860,44.8990,0.000638
FILLER_7_126,VSS,Metal1,67.9260,44.8990,0.000645
FILLER_7_119,VSS,Metal1,64.5660,44.8990,0.000660
FILLER_7_112,VSS,Metal1,61.2060,44.8990,0.000673
FILLER_7_105,VSS,Metal1,57.8460,44.8990,0.000686
FILLER_7_93,VSS,Metal1,52.0860,44.8990,0.000701
FILLER_7_86,VSS,Metal1,48.7260,44.8990,0.000652
FILLER_7_65,VSS,Metal1,37.4400,45.3600,0.000400
FILLER_7_61,VSS,Metal1,35.9880,44.9830,0.000400
FILLER_7_46,VSS,Metal1,28.3200,45.3600,0.000267
FILLER_7_42,VSS,Metal1,26.8680,44.9830,0.000027
FILLER_7_35,VSS,Metal1,24.2460,44.8990,0.000026
FILLER_7_28,VSS,Metal1,20.8860,44.8990,0.000027
FILLER_7_2,VSS,Metal1,6.9600,45.3600,0.000032
FILLER_7_0,VSS,Metal1,6.2400,45.3600,0.000032
FILLER_6_189,VSS,Metal1,96.9600,37.8000,0.000162
FILLER_6_147,VSS,Metal1,76.5600,37.8000,0.000288
FILLER_6_138,VSS,Metal1,72.2400,37.8000,0.000435
FILLER_6_136,VSS,Metal1,71.5200,37.8000,0.000438
FILLER_6_127,VSS,Metal1,67.6680,38.1760,0.000449
FILLER_6_119,VSS,Metal1,63.8280,38.1760,0.000462
FILLER_6_112,VSS,Metal1,61.2060,38.2600,0.000539
FILLER_6_103,VSS,Metal1,55.4400,37.8000,0.000539
FILLER_6_101,VSS,Metal1,54.7200,37.8000,0.000539
FILLER_6_87,VSS,Metal1,47.7600,37.8000,0.000519
FILLER_6_83,VSS,Metal1,46.5480,38.1760,0.000498
FILLER_6_76,VSS,Metal1,43.9260,38.2600,0.000487
FILLER_6_71,VSS,Metal1,40.0800,37.8000,0.000460
FILLER_6_64,VSS,Metal1,38.1660,38.2600,0.000126
FILLER_6_57,VSS,Metal1,34.8060,38.2600,0.000069
FILLER_6_52,VSS,Metal1,30.9600,37.8000,0.000029
FILLER_6_50,VSS,Metal1,30.2400,37.8000,0.000029
FILLER_6_37,VSS,Metal1,23.7600,37.8000,0.000026
FILLER_6_35,VSS,Metal1,23.0400,37.8000,0.000032
FILLER_6_25,VSS,Metal1,18.0000,37.8000,0.000068
FILLER_6_21,VSS,Metal1,16.7880,38.1760,0.000068
FILLER_6_0,VSS,Metal1,7.4460,38.2600,0.000083
FILLER_5_246,VSS,Metal1,124.0800,37.8000,0.001143
FILLER_5_196,VSS,Metal1,100.0800,37.8000,0.000095
FILLER_5_179,VSS,Metal1,91.9200,37.8000,0.000178
FILLER_5_177,VSS,Metal1,91.2000,37.8000,0.000178
FILLER_5_115,VSS,Metal1,61.9080,37.4230,0.000539
FILLER_5_108,VSS,Metal1,59.2860,37.3390,0.000539
FILLER_5_99,VSS,Metal1,54.2280,37.4230,0.000539
FILLER_5_80,VSS,Metal1,44.6400,37.8000,0.000487
FILLER_5_63,VSS,Metal1,36.9480,37.4230,0.000126
FILLER_5_57,VSS,Metal1,33.6000,37.8000,0.000069
FILLER_5_44,VSS,Metal1,27.1200,37.8000,0.000026
FILLER_5_37,VSS,Metal1,25.2060,37.3390,0.000026
FILLER_5_15,VSS,Metal1,13.2000,37.8000,0.000074
FILLER_5_13,VSS,Metal1,12.4800,37.8000,0.000074
FILLER_5_4,VSS,Metal1,8.6280,37.4230,0.000083
FILLER_4_214,VSS,Metal1,108.9600,30.2400,0.000107
FILLER_4_200,VSS,Metal1,102.0000,30.2400,0.000087
FILLER_4_190,VSS,Metal1,97.2000,30.2400,0.000185
FILLER_4_163,VSS,Metal1,84.4800,30.2400,0.000196
FILLER_4_156,VSS,Metal1,82.3260,30.7000,0.000198
FILLER_4_149,VSS,Metal1,78.9660,30.7000,0.000220
FILLER_4_142,VSS,Metal1,74.8680,30.6160,0.000224
FILLER_4_122,VSS,Metal1,64.8000,30.2400,0.000215
FILLER_4_118,VSS,Metal1,63.3480,30.6160,0.000215
FILLER_4_111,VSS,Metal1,60.7260,30.7000,0.000212
FILLER_4_96,VSS,Metal1,52.3200,30.2400,0.000187
FILLER_4_92,VSS,Metal1,50.8680,30.6160,0.000185
FILLER_4_83,VSS,Metal1,45.8400,30.2400,0.000136
FILLER_4_76,VSS,Metal1,43.9260,30.7000,0.000136
FILLER_4_69,VSS,Metal1,40.5660,30.7000,0.000136
FILLER_4_56,VSS,Metal1,32.8800,30.2400,0.000077
FILLER_4_51,VSS,Metal1,30.4800,30.2400,0.000077
FILLER_4_47,VSS,Metal1,29.2680,30.6160,0.000022
FILLER_4_40,VSS,Metal1,26.6460,30.7000,0.000018
FILLER_4_33,VSS,Metal1,23.2860,30.7000,0.000019
FILLER_4_27,VSS,Metal1,18.9600,30.2400,0.000019
FILLER_4_23,VSS,Metal1,17.7480,30.6160,0.000019
FILLER_4_18,VSS,Metal1,14.6400,30.2400,0.000019
FILLER_4_14,VSS,Metal1,13.4280,30.6160,0.000019
FILLER_4_7,VSS,Metal1,10.8060,30.7000,0.000019
FILLER_4_0,VSS,Metal1,7.4460,30.7000,0.000019
FILLER_3_245,VSS,Metal1,123.8400,30.2400,0.000195
FILLER_3_221,VSS,Metal1,112.0800,30.2400,0.000124
FILLER_3_219,VSS,Metal1,111.3600,30.2400,0.000124
FILLER_3_170,VSS,Metal1,88.3080,29.8630,0.000196
FILLER_3_159,VSS,Metal1,82.5600,30.2400,0.000198
FILLER_3_142,VSS,Metal1,74.1600,30.2400,0.000224
FILLER_3_140,VSS,Metal1,73.4400,30.2400,0.000225
FILLER_3_131,VSS,Metal1,69.5880,29.8630,0.000223
FILLER_3_124,VSS,Metal1,66.9660,29.7790,0.000222
FILLER_3_113,VSS,Metal1,60.2400,30.2400,0.000212
FILLER_3_106,VSS,Metal1,58.3260,29.7790,0.000212
FILLER_3_99,VSS,Metal1,54.9660,29.7790,0.000210
FILLER_3_85,VSS,Metal1,46.8000,30.2400,0.000149
FILLER_3_78,VSS,Metal1,44.8860,29.7790,0.000136
FILLER_3_71,VSS,Metal1,41.5260,29.7790,0.000136
FILLER_3_64,VSS,Metal1,38.1660,29.7790,0.000136
FILLER_3_57,VSS,Metal1,34.8060,29.7790,0.000133
FILLER_3_50,VSS,Metal1,31.4460,29.7790,0.000077
FILLER_3_37,VSS,Metal1,23.7600,30.2400,0.000019
FILLER_3_30,VSS,Metal1,21.8460,29.7790,0.000019
FILLER_3_21,VSS,Metal1,16.7880,29.8630,0.000019
FILLER_3_14,VSS,Metal1,14.1660,29.7790,0.000019
FILLER_3_7,VSS,Metal1,10.8060,29.7790,0.000019
FILLER_3_0,VSS,Metal1,7.4460,29.7790,0.000019
FILLER_2_210,VSS,Metal1,107.0400,22.6800,0.000119
FILLER_2_197,VSS,Metal1,100.5600,22.6800,0.000071
FILLER_2_153,VSS,Metal1,79.6800,22.6800,0.000161
FILLER_2_143,VSS,Metal1,74.6400,22.6800,0.000168
FILLER_2_124,VSS,Metal1,66.2280,23.0560,0.000176
FILLER_2_115,VSS,Metal1,61.9080,23.0560,0.000177
FILLER_2_108,VSS,Metal1,59.2860,23.1400,0.000196
FILLER_2_98,VSS,Metal1,53.2800,22.6800,0.000192
FILLER_2_94,VSS,Metal1,51.8280,23.0560,0.000191
FILLER_2_74,VSS,Metal1,42.2280,23.0560,0.000118
FILLER_2_50,VSS,Metal1,31.4460,23.1400,0.000081
FILLER_2_28,VSS,Metal1,20.1480,23.0560,0.000007
FILLER_2_21,VSS,Metal1,17.5260,23.1400,0.000007
FILLER_2_14,VSS,Metal1,14.1660,23.1400,0.000007
FILLER_2_7,VSS,Metal1,10.8060,23.1400,0.000007
FILLER_2_0,VSS,Metal1,7.4460,23.1400,0.000007
FILLER_1_245,VSS,Metal1,123.8400,22.6800,0.000282
FILLER_1_213,VSS,Metal1,108.4800,22.6800,0.000149
FILLER_1_209,VSS,Metal1,107.0280,22.3030,0.000119
FILLER_1_145,VSS,Metal1,75.8400,22.6800,0.000162
FILLER_1_132,VSS,Metal1,69.3600,22.6800,0.000173
FILLER_1_112,VSS,Metal1,59.7600,22.6800,0.000196
FILLER_1_110,VSS,Metal1,59.0400,22.6800,0.000196
FILLER_1_80,VSS,Metal1,45.8460,22.2190,0.000118
FILLER_1_75,VSS,Metal1,42.0000,22.6800,0.000118
FILLER_1_50,VSS,Metal1,30.0000,22.6800,0.000081
FILLER_1_48,VSS,Metal1,29.2800,22.6800,0.000068
FILLER_1_32,VSS,Metal1,21.6000,22.6800,0.000007
FILLER_1_28,VSS,Metal1,20.1480,22.3030,0.000007
FILLER_1_21,VSS,Metal1,17.5260,22.2190,0.000007
FILLER_1_14,VSS,Metal1,14.1660,22.2190,0.000007
FILLER_1_7,VSS,Metal1,10.8060,22.2190,0.000007
FILLER_1_0,VSS,Metal1,7.4460,22.2190,0.000007
FILLER_0_216,VSS,Metal1,109.9200,15.1200,0.000043
FILLER_0_212,VSS,Metal1,108.4680,15.4960,0.000041
FILLER_0_205,VSS,Metal1,105.8460,15.5800,0.000028
FILLER_0_198,VSS,Metal1,102.4860,15.5800,0.000014
FILLER_0_191,VSS,Metal1,99.1260,15.5800,0.000021
FILLER_0_177,VSS,Metal1,90.9600,15.1200,0.000049
FILLER_0_175,VSS,Metal1,90.2400,15.1200,0.000049
FILLER_0_168,VSS,Metal1,87.3480,15.4960,0.000050
FILLER_0_161,VSS,Metal1,84.7260,15.5800,0.000053
FILLER_0_156,VSS,Metal1,80.8800,15.1200,0.000061
FILLER_0_152,VSS,Metal1,79.6680,15.4960,0.000061
FILLER_0_138,VSS,Metal1,73.6860,15.5800,0.000073
FILLER_0_131,VSS,Metal1,70.3260,15.5800,0.000075
FILLER_0_123,VSS,Metal1,65.7480,15.4960,0.000080
FILLER_0_117,VSS,Metal1,62.1600,15.1200,0.000082
FILLER_0_113,VSS,Metal1,60.9480,15.4960,0.000082
FILLER_0_108,VSS,Metal1,57.8400,15.1200,0.000085
FILLER_0_101,VSS,Metal1,55.9260,15.5800,0.000086
FILLER_0_91,VSS,Metal1,49.9200,15.1200,0.000080
FILLER_0_87,VSS,Metal1,48.4680,15.4960,0.000080
FILLER_0_79,VSS,Metal1,44.6280,15.4960,0.000072
FILLER_0_69,VSS,Metal1,39.3600,15.1200,0.000043
FILLER_0_59,VSS,Metal1,34.3200,15.1200,0.000042
FILLER_0_57,VSS,Metal1,33.6000,15.1200,0.000025
FILLER_0_49,VSS,Metal1,30.2280,15.4960,0.000016
FILLER_0_42,VSS,Metal1,27.6060,15.5800,0.000011
FILLER_0_35,VSS,Metal1,24.2460,15.5800,0.000005
FILLER_0_29,VSS,Metal1,20.1600,15.1200,0.000006
FILLER_0_21,VSS,Metal1,16.7880,15.4960,0.000006
FILLER_0_14,VSS,Metal1,14.1660,15.5800,0.000006
FILLER_0_7,VSS,Metal1,10.8060,15.5800,0.000006
FILLER_0_0,VSS,Metal1,7.4460,15.5800,0.000006
hold156,VSS,Metal1,58.3610,75.3920,0.000904
hold155,VSS,Metal1,97.2410,75.3920,0.000680
hold154,VSS,Metal1,91.9610,38.0070,0.000178
hold153,VSS,Metal1,57.4010,83.3670,0.000315
hold152,VSS,Metal1,58.3610,67.8320,0.000505
hold151,VSS,Metal1,48.2810,113.6070,0.000862
hold150,VSS,Metal1,89.0810,113.1920,0.000400
hold149,VSS,Metal1,50.6810,128.7270,0.001121
hold148,VSS,Metal1,93.4010,15.3270,0.000038
hold147,VSS,Metal1,51.6410,113.1920,0.000876
hold146,VSS,Metal1,98.6810,90.5120,0.000119
hold145,VSS,Metal1,75.6410,52.7120,0.000533
hold144,VSS,Metal1,68.4410,60.2720,0.000587
hold143,VSS,Metal1,60.7610,128.3120,0.001078
hold142,VSS,Metal1,96.7610,106.0470,0.000267
hold141,VSS,Metal1,97.2410,82.9520,0.000099
hold140,VSS,Metal1,85.2410,45.1520,0.000586
hold139,VSS,Metal1,78.5210,45.1520,0.000638
hold138,VSS,Metal1,76.9980,22.8870,0.000162
hold137,VSS,Metal1,85.2410,30.0320,0.000196
hold136,VSS,Metal1,92.9210,60.2720,0.000297
hold135,VSS,Metal1,112.5180,90.9270,0.001058
hold134,VSS,Metal1,122.2010,90.9270,0.001079
hold133,VSS,Metal1,82.7580,60.2720,0.000431
hold132,VSS,Metal1,90.0410,52.7120,0.000256
hold131,VSS,Metal1,96.7610,60.6870,0.000202
hold130,VSS,Metal1,101.5610,60.6870,0.000091
hold129,VSS,Metal1,111.5580,121.1670,0.000151
hold128,VSS,Metal1,105.4010,128.7270,0.000776
hold127,VSS,Metal1,91.9610,128.7270,0.000131
hold126,VSS,Metal1,96.7610,121.1670,0.000187
hold125,VSS,Metal1,95.8010,30.0320,0.000192
hold124,VSS,Metal1,103.0010,22.8870,0.000080
hold123,VSS,Metal1,109.1580,98.4870,0.000538
hold122,VSS,Metal1,120.2810,105.6320,0.000500
hold121,VSS,Metal1,99.6410,30.4470,0.000103
hold120,VSS,Metal1,106.3610,30.4470,0.000107
hold119,VSS,Metal1,114.0410,45.5670,0.001388
hold118,VSS,Metal1,114.5210,60.2720,0.001397
hold117,VSS,Metal1,112.9980,75.3920,0.003141
hold116,VSS,Metal1,122.2010,82.9520,0.000373
hold115,VSS,Metal1,109.1580,106.0470,0.000500
hold114,VSS,Metal1,117.4010,113.6070,0.000241
hold113,VSS,Metal1,112.9980,113.6070,0.000239
hold112,VSS,Metal1,121.7210,113.6070,0.000241
hold111,VSS,Metal1,75.5580,121.1670,0.000520
hold110,VSS,Metal1,67.8780,128.7270,0.001036
hold109,VSS,Metal1,78.0410,128.7270,0.000669
hold108,VSS,Metal1,84.7610,128.7270,0.000652
hold107,VSS,Metal1,108.1980,53.1270,0.000875
hold106,VSS,Metal1,118.3610,45.5670,0.001388
hold105,VSS,Metal1,122.2010,52.7120,0.000880
hold104,VSS,Metal1,114.4380,30.0320,0.000196
hold103,VSS,Metal1,115.0010,82.9520,0.000381
hold102,VSS,Metal1,121.2410,90.5120,0.001079
hold101,VSS,Metal1,122.2010,15.3270,0.000163
hold100,VSS,Metal1,80.3580,113.1920,0.000404
hold99,VSS,Metal1,84.7610,113.1920,0.000404
hold98,VSS,Metal1,109.1580,38.0070,0.001059
hold97,VSS,Metal1,121.2410,45.1520,0.001393
hold96,VSS,Metal1,108.6780,37.5920,0.001059
hold95,VSS,Metal1,104.9210,38.0070,0.000981
hold94,VSS,Metal1,109.1580,68.2470,0.000358
hold93,VSS,Metal1,118.3610,75.3920,0.003143
clkload4,VSS,Metal1,104.2700,106.0870,0.000409
clkload3,VSS,Metal1,105.2300,90.9670,0.000255
clkload2,VSS,Metal1,62.0300,113.1520,0.000848
clkload1,VSS,Metal1,103.7900,60.2320,0.001040
clkload0,VSS,Metal1,81.2300,60.7270,0.000441
clkbuf_3_7__f_clk,VSS,Metal1,112.0800,105.4500,0.000499
clkbuf_3_6__f_clk,VSS,Metal1,112.5600,90.3300,0.001058
clkbuf_3_5__f_clk,VSS,Metal1,67.4400,106.2290,0.000851
clkbuf_3_4__f_clk,VSS,Metal1,85.6790,120.5700,0.000315
clkbuf_3_3__f_clk,VSS,Metal1,117.3590,67.6500,0.000406
clkbuf_3_2__f_clk,VSS,Metal1,113.0390,44.9700,0.001388
clkbuf_3_1__f_clk,VSS,Metal1,86.6400,67.6500,0.000168
clkbuf_3_0__f_clk,VSS,Metal1,90.9600,30.6290,0.000196
clkbuf_0_clk,VSS,Metal1,89.0400,75.2100,0.000679
fanout92,VSS,Metal1,32.1250,38.0120,0.000032
fanout91,VSS,Metal1,31.7150,30.4520,0.000077
fanout90,VSS,Metal1,15.3250,75.3870,0.000104
fanout89,VSS,Metal1,15.3250,68.2520,0.000095
fanout88,VSS,Metal1,18.2750,45.1470,0.000029
fanout87,VSS,Metal1,8.6050,60.6920,0.000160
fanout86,VSS,Metal1,108.5150,22.8920,0.000149
fanout85,VSS,Metal1,54.2750,82.9470,0.000313
fanout84,VSS,Metal1,115.2350,120.7470,0.000160
fanout83,VSS,Metal1,103.7150,68.2520,0.000140
fanout82,VSS,Metal1,113.7950,22.4670,0.000282
fanout81,VSS,Metal1,110.3650,22.8920,0.000213
fanout80,VSS,Metal1,111.8750,22.4670,0.000269
fanout79,VSS,Metal1,75.3950,30.0270,0.000224
fanout78,VSS,Metal1,100.3550,75.3870,0.000410
fanout77,VSS,Metal1,68.1950,22.8920,0.000174
fanout76,VSS,Metal1,25.4050,68.2520,0.000029
fanout75,VSS,Metal1,67.6450,98.4920,0.000300
fanout74,VSS,Metal1,65.7250,68.2520,0.000475
fanout73,VSS,Metal1,21.5650,121.1720,0.000098
fanout72,VSS,Metal1,23.4850,68.2520,0.000068
fanout71,VSS,Metal1,79.6450,75.3870,0.000725
fanout70,VSS,Metal1,75.3950,38.0120,0.000409
fanout69,VSS,Metal1,77.3150,75.3870,0.000732
fanout68,VSS,Metal1,10.1150,105.6270,0.000108
fanout67,VSS,Metal1,102.2750,75.8120,0.000277
fanout66,VSS,Metal1,108.0350,83.3720,0.000304
fanout65,VSS,Metal1,109.8850,120.7470,0.000145
fanout64,VSS,Metal1,100.3550,128.7320,0.000132
fanout63,VSS,Metal1,107.5550,60.2670,0.001248
fanout62,VSS,Metal1,108.5150,45.5720,0.001388
output61,VSS,Metal1,60.9250,128.7320,0.001079
output60,VSS,Metal1,96.9250,52.7070,0.000224
output59,VSS,Metal1,109.4050,60.2670,0.001320
output58,VSS,Metal1,111.3250,60.2670,0.001349
output57,VSS,Metal1,122.3650,22.4670,0.000282
output56,VSS,Metal1,105.0850,53.1320,0.000830
output55,VSS,Metal1,96.5150,15.3320,0.000029
output54,VSS,Metal1,109.8850,22.4670,0.000200
output53,VSS,Metal1,110.3650,30.4520,0.000121
output52,VSS,Metal1,105.5650,60.2670,0.001127
output51,VSS,Metal1,122.3650,60.2670,0.001398
output50,VSS,Metal1,106.0450,83.3720,0.000276
output49,VSS,Metal1,123.3250,120.7470,0.000159
output48,VSS,Metal1,121.4050,75.3870,0.003143
output47,VSS,Metal1,123.3250,75.3870,0.003143
output46,VSS,Metal1,95.0750,128.7320,0.000131
output45,VSS,Metal1,87.8750,128.7320,0.000499
output44,VSS,Metal1,64.7650,128.7320,0.001037
output43,VSS,Metal1,59.0050,128.7320,0.001085
output42,VSS,Metal1,119.0050,15.3320,0.000151
output41,VSS,Metal1,111.3250,15.3320,0.000075
output40,VSS,Metal1,115.6450,22.4670,0.000284
output39,VSS,Metal1,113.2450,15.3320,0.000098
output38,VSS,Metal1,6.7550,98.0670,0.000120
output37,VSS,Metal1,6.7550,83.3720,0.000070
output36,VSS,Metal1,6.7550,75.3870,0.000115
output35,VSS,Metal1,8.6750,60.2670,0.000160
output34,VSS,Metal1,122.3650,30.0270,0.000195
output33,VSS,Metal1,46.5950,15.3320,0.000078
output32,VSS,Metal1,53.3150,15.3320,0.000086
output31,VSS,Metal1,59.0750,15.3320,0.000084
output30,VSS,Metal1,67.7150,15.3320,0.000078
output29,VSS,Metal1,123.3250,45.5720,0.001396
output28,VSS,Metal1,101.7250,68.2520,0.000142
output27,VSS,Metal1,107.0050,90.9320,0.001057
output26,VSS,Metal1,123.3250,105.6270,0.000499
output25,VSS,Metal1,96.9950,128.7320,0.000133
output24,VSS,Metal1,81.5650,128.7320,0.000652
output23,VSS,Metal1,74.4350,128.7320,0.001036
output22,VSS,Metal1,72.5150,128.7320,0.001037
output21,VSS,Metal1,62.8450,128.7320,0.001061
output20,VSS,Metal1,6.7550,105.6270,0.000116
output19,VSS,Metal1,76.3550,15.3320,0.000068
input18,VSS,Metal1,6.6850,75.8120,0.000115
input17,VSS,Metal1,6.6850,60.6920,0.000161
input16,VSS,Metal1,8.6050,75.3870,0.000108
input15,VSS,Metal1,18.6850,15.3320,0.000006
input14,VSS,Metal1,6.6850,68.2520,0.000105
input13,VSS,Metal1,6.6850,60.2670,0.000161
input12,VSS,Metal1,6.6850,53.1320,0.000040
input11,VSS,Metal1,6.6850,52.7070,0.000040
input10,VSS,Metal1,6.6850,37.5870,0.000084
input9,VSS,Metal1,21.5650,15.3320,0.000006
input8,VSS,Metal1,32.1250,15.3320,0.000024
input7,VSS,Metal1,42.6850,15.3320,0.000066
input6,VSS,Metal1,115.2350,15.3320,0.000118
input5,VSS,Metal1,82.1150,15.3320,0.000056
input4,VSS,Metal1,104.1950,45.5720,0.000569
input3,VSS,Metal1,93.0850,45.1470,0.000478
input2,VSS,Metal1,107.9650,60.6920,0.001257
input1,VSS,Metal1,117.0850,15.3320,0.000134
_1030_,VSS,Metal1,117.7050,68.3320,0.000406
_1029_,VSS,Metal1,117.7050,75.8920,0.003143
_1028_,VSS,Metal1,117.7050,83.4520,0.000373
_1027_,VSS,Metal1,117.7050,97.9870,0.000897
_1026_,VSS,Metal1,117.7050,106.1320,0.000499
_1025_,VSS,Metal1,117.7050,113.1070,0.000241
_1024_,VSS,Metal1,95.1450,128.2270,0.000131
_1023_,VSS,Metal1,109.8150,128.2270,0.000776
_1022_,VSS,Metal1,82.1850,128.2270,0.000651
_1021_,VSS,Metal1,69.4950,128.2270,0.001036
_1020_,VSS,Metal1,84.8550,113.6920,0.000404
_1019_,VSS,Metal1,117.7050,98.5720,0.000897
_1018_,VSS,Metal1,100.9050,67.7470,0.000139
_1017_,VSS,Metal1,87.4650,53.2120,0.000255
_1016_,VSS,Metal1,117.7050,53.2120,0.000880
_1015_,VSS,Metal1,112.9050,52.6270,0.000878
_1014_,VSS,Metal1,99.4650,22.3870,0.000080
_1013_,VSS,Metal1,104.2650,29.9470,0.000107
_1012_,VSS,Metal1,117.2250,37.5070,0.001143
_1011_,VSS,Metal1,117.7050,38.0920,0.001143
_1010_,VSS,Metal1,117.9750,30.5320,0.000195
_1009_,VSS,Metal1,117.7050,60.7720,0.001397
_1008_,VSS,Metal1,117.9750,22.9720,0.000282
_1007_,VSS,Metal1,90.8250,68.3320,0.000164
_1006_,VSS,Metal1,94.6650,75.8920,0.000679
_1005_,VSS,Metal1,96.1050,83.4520,0.000099
_1004_,VSS,Metal1,98.0250,91.0120,0.000119
_1003_,VSS,Metal1,92.7450,105.5470,0.000266
_1002_,VSS,Metal1,87.9450,106.1320,0.000273
_1001_,VSS,Metal1,61.0650,121.2520,0.000785
_1000_,VSS,Metal1,48.1050,128.2270,0.001120
_0999_,VSS,Metal1,47.1450,121.2520,0.000781
_0998_,VSS,Metal1,50.9850,120.6670,0.000783
_0997_,VSS,Metal1,57.2250,90.4270,0.000269
_0996_,VSS,Metal1,57.2250,75.8920,0.000904
_0995_,VSS,Metal1,57.2250,68.3320,0.000505
_0994_,VSS,Metal1,68.7450,60.7720,0.000587
_0993_,VSS,Metal1,74.5050,53.2120,0.000533
_0992_,VSS,Metal1,77.3850,45.6520,0.000638
_0991_,VSS,Metal1,83.1450,38.0920,0.000249
_0990_,VSS,Metal1,84.1050,37.5070,0.000249
_0989_,VSS,Metal1,86.5050,22.9720,0.000150
_0988_,VSS,Metal1,86.5050,22.3870,0.000150
_0987_,VSS,Metal1,105.8530,68.3500,0.000167
_0986_,VSS,Metal1,103.9060,75.2900,0.000318
_0985_,VSS,Metal1,109.8660,75.2700,0.003108
_0984_,VSS,Metal1,118.1150,83.0050,0.000373
_0983_,VSS,Metal1,117.8250,90.9830,0.001058
_0982_,VSS,Metal1,108.9920,98.0100,0.000538
_0981_,VSS,Metal1,110.1730,113.0900,0.000205
_0980_,VSS,Metal1,106.1330,106.1700,0.000462
_0979_,VSS,Metal1,109.6930,113.7100,0.000205
_0978_,VSS,Metal1,105.1730,113.0700,0.000169
_0977_,VSS,Metal1,87.8070,121.2290,0.000315
_0976_,VSS,Metal1,104.8930,121.2700,0.000122
_0975_,VSS,Metal1,102.1860,128.8500,0.000141
_0974_,VSS,Metal1,78.9730,121.2700,0.000322
_0973_,VSS,Metal1,77.3330,120.6300,0.000329
_0972_,VSS,Metal1,70.8130,121.2700,0.000556
_0971_,VSS,Metal1,68.6930,121.2900,0.000728
_0970_,VSS,Metal1,76.8350,113.2450,0.000571
_0969_,VSS,Metal1,77.0250,113.6630,0.000571
_0968_,VSS,Metal1,109.2130,91.0300,0.001058
_0967_,VSS,Metal1,105.1730,97.9500,0.000451
_0966_,VSS,Metal1,92.1270,60.7490,0.000297
_0965_,VSS,Metal1,81.6320,52.6500,0.000263
_0964_,VSS,Metal1,110.6260,45.6700,0.001388
_0963_,VSS,Metal1,121.3860,45.6900,0.001393
_0962_,VSS,Metal1,105.3730,52.6100,0.000830
_0961_,VSS,Metal1,102.2930,53.2500,0.000189
_0960_,VSS,Metal1,95.5520,22.9490,0.000080
_0959_,VSS,Metal1,99.1330,22.9900,0.000080
_0958_,VSS,Metal1,90.2930,29.9100,0.000196
_0957_,VSS,Metal1,105.1550,37.6450,0.000981
_0956_,VSS,Metal1,102.9450,30.5030,0.000107
_0955_,VSS,Metal1,105.6350,45.2050,0.001240
_0954_,VSS,Metal1,105.8250,45.6230,0.001240
_0953_,VSS,Metal1,119.0070,29.9700,0.000195
_0952_,VSS,Metal1,119.0720,60.2100,0.001397
_0951_,VSS,Metal1,119.0070,22.4100,0.000282
_0950_,VSS,Metal1,110.3650,60.6350,0.001324
_0949_,VSS,Metal1,108.9400,67.7500,0.000358
_0948_,VSS,Metal1,101.2450,83.0050,0.000084
_0947_,VSS,Metal1,107.6900,82.9060,0.000298
_0946_,VSS,Metal1,102.2400,90.4260,0.000110
_0945_,VSS,Metal1,102.2750,113.2450,0.000134
_0944_,VSS,Metal1,100.0100,120.7060,0.000096
_0943_,VSS,Metal1,94.3350,120.6960,0.000265
_0942_,VSS,Metal1,97.6950,113.6630,0.000283
_0941_,VSS,Metal1,102.3950,52.6670,0.000189
_0940_,VSS,Metal1,97.3580,46.0440,0.000175
_0939_,VSS,Metal1,95.7760,45.1430,0.000436
_0938_,VSS,Metal1,95.2930,38.1100,0.000166
_0937_,VSS,Metal1,98.4350,53.0750,0.000113
_0936_,VSS,Metal1,98.8450,37.9550,0.000147
_0935_,VSS,Metal1,104.6750,60.6350,0.001076
_0934_,VSS,Metal1,103.8350,82.9070,0.000169
_0933_,VSS,Metal1,104.4150,75.8630,0.000318
_0932_,VSS,Metal1,106.4230,75.8760,0.003099
_0931_,VSS,Metal1,106.9590,75.2660,0.003099
_0930_,VSS,Metal1,105.1400,90.4300,0.000255
_0929_,VSS,Metal1,110.3650,83.3150,0.000332
_0928_,VSS,Metal1,116.1070,90.9000,0.001058
_0927_,VSS,Metal1,110.6530,82.8500,0.000332
_0926_,VSS,Metal1,109.3590,75.9330,0.003108
_0925_,VSS,Metal1,99.8050,45.6120,0.000159
_0924_,VSS,Metal1,99.3600,52.6260,0.000113
_0923_,VSS,Metal1,101.2800,38.0930,0.000095
_0922_,VSS,Metal1,101.7670,45.0730,0.000116
_0921_,VSS,Metal1,103.1460,37.4700,0.000650
_0920_,VSS,Metal1,98.8600,60.1900,0.000172
_0919_,VSS,Metal1,92.6200,29.9500,0.000196
_0918_,VSS,Metal1,101.3330,37.4700,0.000095
_0917_,VSS,Metal1,98.8870,45.0730,0.000163
_0916_,VSS,Metal1,96.3990,37.4660,0.000162
_0915_,VSS,Metal1,94.1330,45.6900,0.000452
_0914_,VSS,Metal1,93.5800,37.5100,0.000178
_0913_,VSS,Metal1,95.7760,53.1360,0.000249
_0912_,VSS,Metal1,95.0050,52.7650,0.000249
_0911_,VSS,Metal1,89.7400,60.1900,0.000308
_0910_,VSS,Metal1,96.4270,60.3000,0.000202
_0909_,VSS,Metal1,86.4200,52.6300,0.000256
_0908_,VSS,Metal1,101.1430,105.5630,0.000153
_0907_,VSS,Metal1,100.3550,113.1470,0.000112
_0906_,VSS,Metal1,95.9650,120.7070,0.000187
_0905_,VSS,Metal1,100.0650,113.6630,0.000112
_0904_,VSS,Metal1,102.8620,120.7260,0.000104
_0903_,VSS,Metal1,99.8920,121.1400,0.000096
_0902_,VSS,Metal1,107.4670,113.5800,0.000199
_0901_,VSS,Metal1,84.0000,121.2530,0.000315
_0900_,VSS,Metal1,107.5200,113.1060,0.000199
_0899_,VSS,Metal1,102.2050,98.4350,0.000067
_0898_,VSS,Metal1,106.0270,98.4600,0.000457
_0897_,VSS,Metal1,97.6950,113.1360,0.000283
_0896_,VSS,Metal1,100.0950,98.5430,0.000167
_0895_,VSS,Metal1,92.2120,113.2200,0.000296
_0894_,VSS,Metal1,74.8800,113.6930,0.000592
_0893_,VSS,Metal1,73.4400,120.6660,0.000540
_0892_,VSS,Metal1,102.4930,121.2700,0.000103
_0891_,VSS,Metal1,93.5800,121.2500,0.000266
_0890_,VSS,Metal1,79.2350,67.8850,0.000235
_0889_,VSS,Metal1,84.7050,60.7430,0.000369
_0888_,VSS,Metal1,81.4500,68.3110,0.000168
_0887_,VSS,Metal1,76.9490,68.3110,0.000290
_0886_,VSS,Metal1,73.1090,68.3110,0.000364
_0885_,VSS,Metal1,70.1150,68.1950,0.000381
_0884_,VSS,Metal1,74.9150,75.4450,0.000772
_0883_,VSS,Metal1,62.6250,75.3360,0.000904
_0882_,VSS,Metal1,82.3330,75.9100,0.000688
_0881_,VSS,Metal1,86.0010,76.2840,0.000679
_0880_,VSS,Metal1,85.1860,82.8500,0.000147
_0879_,VSS,Metal1,82.0450,75.4450,0.000688
_0878_,VSS,Metal1,79.2800,75.9330,0.000724
_0877_,VSS,Metal1,76.1770,75.8330,0.000772
_0876_,VSS,Metal1,71.5550,83.0050,0.000308
_0875_,VSS,Metal1,72.1490,75.8710,0.000839
_0874_,VSS,Metal1,72.5320,75.4200,0.000839
_0873_,VSS,Metal1,69.6800,75.2660,0.000860
_0872_,VSS,Metal1,67.4250,75.8630,0.000876
_0871_,VSS,Metal1,66.0900,75.3280,0.000876
_0870_,VSS,Metal1,70.0600,67.7500,0.000381
_0869_,VSS,Metal1,67.7320,68.2200,0.000446
_0868_,VSS,Metal1,84.9950,90.5650,0.000188
_0867_,VSS,Metal1,82.7860,90.4100,0.000197
_0866_,VSS,Metal1,87.4410,83.8440,0.000128
_0865_,VSS,Metal1,87.4960,90.4430,0.000187
_0864_,VSS,Metal1,83.5550,83.3150,0.000170
_0863_,VSS,Metal1,77.1700,90.4720,0.000223
_0862_,VSS,Metal1,81.8550,83.4230,0.000192
_0861_,VSS,Metal1,80.1070,90.9000,0.000206
_0860_,VSS,Metal1,82.2160,90.9960,0.000197
_0859_,VSS,Metal1,79.7600,90.3860,0.000205
_0858_,VSS,Metal1,71.0750,90.8750,0.000252
_0857_,VSS,Metal1,71.1890,83.4310,0.000308
_0856_,VSS,Metal1,74.4520,83.3400,0.000279
_0855_,VSS,Metal1,67.7600,83.4930,0.000310
_0854_,VSS,Metal1,70.7850,90.4560,0.000252
_0853_,VSS,Metal1,68.9700,82.8880,0.000308
_0852_,VSS,Metal1,69.3450,75.8630,0.000860
_0851_,VSS,Metal1,90.8300,90.9670,0.000175
_0850_,VSS,Metal1,88.8000,91.0130,0.000187
_0849_,VSS,Metal1,85.5200,91.0530,0.000187
_0848_,VSS,Metal1,82.9860,97.9500,0.000167
_0847_,VSS,Metal1,79.2800,97.9460,0.000174
_0846_,VSS,Metal1,78.2600,98.5700,0.000179
_0845_,VSS,Metal1,73.4750,98.4350,0.000301
_0844_,VSS,Metal1,73.0400,97.9460,0.000299
_0843_,VSS,Metal1,75.8920,98.1000,0.000290
_0842_,VSS,Metal1,69.2000,97.9460,0.000301
_0841_,VSS,Metal1,69.3750,90.9830,0.000260
_0840_,VSS,Metal1,67.8290,90.4480,0.000261
_0839_,VSS,Metal1,64.5450,83.4230,0.000315
_0838_,VSS,Metal1,52.1500,90.9730,0.000269
_0837_,VSS,Metal1,55.5980,105.1550,0.000899
_0836_,VSS,Metal1,53.4160,106.1160,0.000904
_0835_,VSS,Metal1,61.4920,105.6600,0.000859
_0834_,VSS,Metal1,49.2970,90.9530,0.000237
_0833_,VSS,Metal1,52.4560,98.5560,0.000223
_0832_,VSS,Metal1,83.0750,105.6850,0.000273
_0831_,VSS,Metal1,58.2290,105.5680,0.000888
_0830_,VSS,Metal1,52.0660,105.5300,0.000904
_0829_,VSS,Metal1,59.2950,113.1360,0.000857
_0828_,VSS,Metal1,60.3980,106.5240,0.000875
_0827_,VSS,Metal1,64.9550,113.1470,0.000785
_0826_,VSS,Metal1,64.2680,105.6600,0.000851
_0825_,VSS,Metal1,75.2790,106.1730,0.000802
_0824_,VSS,Metal1,72.5320,105.6600,0.000851
_0823_,VSS,Metal1,69.6800,105.5060,0.000852
_0822_,VSS,Metal1,66.9750,105.5760,0.000851
_0821_,VSS,Metal1,70.8900,98.5510,0.000300
_0820_,VSS,Metal1,65.9850,98.0160,0.000298
_0819_,VSS,Metal1,85.1850,105.5760,0.000271
_0818_,VSS,Metal1,79.2810,106.5240,0.000552
_0817_,VSS,Metal1,57.8260,98.5900,0.000297
_0816_,VSS,Metal1,56.6750,105.9950,0.000893
_0815_,VSS,Metal1,49.4750,105.6850,0.000905
_0814_,VSS,Metal1,40.3730,105.5100,0.000816
_0813_,VSS,Metal1,55.3100,98.5270,0.000289
_0812_,VSS,Metal1,52.2390,113.7330,0.000877
_0811_,VSS,Metal1,55.1800,113.1100,0.000889
_0810_,VSS,Metal1,37.9550,120.8050,0.000594
_0809_,VSS,Metal1,56.0790,113.7330,0.000875
_0808_,VSS,Metal1,62.9320,113.5800,0.000831
_0807_,VSS,Metal1,59.9190,113.7330,0.000856
_0806_,VSS,Metal1,43.9350,113.6630,0.000849
_0805_,VSS,Metal1,71.8500,113.1280,0.000616
_0804_,VSS,Metal1,66.4650,113.1360,0.000785
_0803_,VSS,Metal1,57.0380,127.8350,0.001098
_0802_,VSS,Metal1,42.3760,113.1230,0.000847
_0801_,VSS,Metal1,44.6050,105.6850,0.000849
_0800_,VSS,Metal1,35.8570,113.1660,0.000296
_0799_,VSS,Metal1,45.7100,106.0870,0.000905
_0798_,VSS,Metal1,38.8600,106.1300,0.000810
_0797_,VSS,Metal1,38.0560,113.1230,0.000587
_0796_,VSS,Metal1,34.2290,113.6710,0.000291
_0795_,VSS,Metal1,37.9000,113.6900,0.000587
_0794_,VSS,Metal1,27.3950,113.5550,0.000081
_0793_,VSS,Metal1,34.6400,120.6260,0.000179
_0792_,VSS,Metal1,40.3720,120.7800,0.000672
_0791_,VSS,Metal1,30.6390,120.6260,0.000114
_0790_,VSS,Metal1,28.5750,121.2230,0.000102
_0789_,VSS,Metal1,61.1090,120.6880,0.000785
_0788_,VSS,Metal1,58.8150,120.6960,0.000785
_0787_,VSS,Metal1,41.3150,113.5550,0.000835
_0786_,VSS,Metal1,42.1580,106.5240,0.000823
_0785_,VSS,Metal1,44.2130,106.1700,0.000849
_0784_,VSS,Metal1,46.7860,91.0300,0.000237
_0783_,VSS,Metal1,43.1500,83.3900,0.000276
_0782_,VSS,Metal1,35.0750,90.8750,0.000132
_0781_,VSS,Metal1,32.6400,91.0130,0.000118
_0780_,VSS,Metal1,34.0260,90.3900,0.000121
_0779_,VSS,Metal1,29.3600,106.1730,0.000558
_0778_,VSS,Metal1,26.3800,106.1300,0.000048
_0777_,VSS,Metal1,23.5550,105.9950,0.000057
_0776_,VSS,Metal1,26.0000,120.6260,0.000093
_0775_,VSS,Metal1,25.4920,121.1400,0.000065
_0774_,VSS,Metal1,22.1600,120.6260,0.000098
_0773_,VSS,Metal1,34.8900,121.2310,0.000179
_0772_,VSS,Metal1,31.4250,121.2230,0.000115
_0771_,VSS,Metal1,42.4650,120.6960,0.000781
_0770_,VSS,Metal1,39.7580,121.6440,0.000666
_0769_,VSS,Metal1,37.6660,97.9700,0.000173
_0768_,VSS,Metal1,39.8750,98.1250,0.000175
_0767_,VSS,Metal1,35.3770,98.0460,0.000116
_0766_,VSS,Metal1,30.8690,98.0080,0.000089
_0765_,VSS,Metal1,28.3730,97.9500,0.000071
_0764_,VSS,Metal1,25.5200,105.5060,0.000048
_0763_,VSS,Metal1,20.7200,106.1730,0.000093
_0762_,VSS,Metal1,17.3320,106.0200,0.000101
_0761_,VSS,Metal1,20.9700,113.1280,0.000040
_0760_,VSS,Metal1,19.4550,120.6960,0.000099
_0759_,VSS,Metal1,23.3700,113.6710,0.000038
_0758_,VSS,Metal1,23.2650,121.2230,0.000098
_0757_,VSS,Metal1,16.3200,105.5460,0.000101
_0756_,VSS,Metal1,18.2750,98.4350,0.000073
_0755_,VSS,Metal1,42.3500,105.5920,0.000830
_0754_,VSS,Metal1,41.7600,98.5730,0.000189
_0753_,VSS,Metal1,42.1860,97.9500,0.000189
_0752_,VSS,Metal1,37.8850,90.8750,0.000237
_0751_,VSS,Metal1,40.1830,90.9960,0.000237
_0750_,VSS,Metal1,37.4050,83.0050,0.000190
_0749_,VSS,Metal1,36.1100,90.4720,0.000183
_0748_,VSS,Metal1,27.9890,90.9910,0.000112
_0747_,VSS,Metal1,25.6950,90.9830,0.000063
_0746_,VSS,Metal1,26.9150,90.5650,0.000111
_0745_,VSS,Metal1,20.2400,97.9460,0.000068
_0744_,VSS,Metal1,15.0290,98.0080,0.000097
_0743_,VSS,Metal1,12.2250,98.0160,0.000102
_0742_,VSS,Metal1,12.8790,105.5060,0.000106
_0741_,VSS,Metal1,12.2530,98.5900,0.000102
_0740_,VSS,Metal1,12.8050,68.2920,0.000101
_0739_,VSS,Metal1,11.6010,83.8440,0.000061
_0738_,VSS,Metal1,8.5300,105.5920,0.000115
_0737_,VSS,Metal1,12.8050,75.3470,0.000106
_0736_,VSS,Metal1,10.6120,68.2200,0.000101
_0735_,VSS,Metal1,14.2500,106.1110,0.000106
_0734_,VSS,Metal1,22.3050,105.5760,0.000078
_0733_,VSS,Metal1,16.3550,90.8750,0.000085
_0732_,VSS,Metal1,49.0700,83.4070,0.000300
_0731_,VSS,Metal1,46.5600,83.4530,0.000299
_0730_,VSS,Metal1,42.8690,82.8880,0.000276
_0729_,VSS,Metal1,41.5330,75.9100,0.000263
_0728_,VSS,Metal1,46.3350,82.8960,0.000299
_0727_,VSS,Metal1,40.5750,82.8960,0.000253
_0726_,VSS,Metal1,40.4300,83.4070,0.000253
_0725_,VSS,Metal1,33.7490,82.8880,0.000155
_0724_,VSS,Metal1,30.9450,82.8960,0.000149
_0723_,VSS,Metal1,31.6450,75.7550,0.000207
_0722_,VSS,Metal1,28.4000,83.4930,0.000047
_0721_,VSS,Metal1,23.6690,90.4480,0.000065
_0720_,VSS,Metal1,20.8650,90.4560,0.000070
_0719_,VSS,Metal1,15.0290,90.4480,0.000087
_0718_,VSS,Metal1,11.1890,90.4480,0.000087
_0717_,VSS,Metal1,10.5400,91.0100,0.000087
_0716_,VSS,Metal1,8.5870,90.5400,0.000090
_0715_,VSS,Metal1,12.8100,82.8880,0.000061
_0714_,VSS,Metal1,8.3090,82.8880,0.000070
_0713_,VSS,Metal1,11.9800,75.8900,0.000108
_0712_,VSS,Metal1,11.0200,60.7700,0.000150
_0711_,VSS,Metal1,11.2950,75.3360,0.000108
_0710_,VSS,Metal1,15.6130,82.8500,0.000061
_0709_,VSS,Metal1,13.1090,90.9910,0.000087
_0708_,VSS,Metal1,16.0650,98.5430,0.000097
_0707_,VSS,Metal1,23.0050,75.4450,0.000074
_0706_,VSS,Metal1,48.5610,76.2840,0.000327
_0705_,VSS,Metal1,46.5400,75.8900,0.000295
_0704_,VSS,Metal1,44.1250,75.7550,0.000291
_0703_,VSS,Metal1,45.8550,75.3360,0.000295
_0702_,VSS,Metal1,38.0000,75.9330,0.000254
_0701_,VSS,Metal1,34.7850,75.8630,0.000233
_0700_,VSS,Metal1,31.7150,67.8850,0.000466
_0699_,VSS,Metal1,33.2000,75.2660,0.000207
_0698_,VSS,Metal1,28.4690,75.3280,0.000110
_0697_,VSS,Metal1,25.6650,75.3360,0.000053
_0696_,VSS,Metal1,24.5600,75.9330,0.000074
_0695_,VSS,Metal1,19.8290,75.8710,0.000075
_0694_,VSS,Metal1,19.4250,75.3360,0.000075
_0693_,VSS,Metal1,14.5490,75.8710,0.000104
_0692_,VSS,Metal1,11.6690,67.7680,0.000101
_0691_,VSS,Metal1,8.5900,67.8100,0.000104
_0690_,VSS,Metal1,13.2150,60.7430,0.000144
_0689_,VSS,Metal1,10.5800,60.1900,0.000150
_0688_,VSS,Metal1,17.3900,82.9120,0.000058
_0687_,VSS,Metal1,8.3850,68.3030,0.000104
_0686_,VSS,Metal1,18.7550,53.0750,0.000034
_0685_,VSS,Metal1,21.7490,82.8880,0.000055
_0684_,VSS,Metal1,25.1850,83.4230,0.000047
_0683_,VSS,Metal1,24.5150,60.6350,0.000044
_0682_,VSS,Metal1,47.2650,75.3360,0.000306
_0681_,VSS,Metal1,42.8010,67.3550,0.000487
_0680_,VSS,Metal1,52.7650,60.6350,0.000620
_0679_,VSS,Metal1,50.3800,60.7700,0.000618
_0678_,VSS,Metal1,49.8380,68.7240,0.000505
_0677_,VSS,Metal1,48.7060,67.7300,0.000504
_0676_,VSS,Metal1,46.1150,67.8850,0.000495
_0675_,VSS,Metal1,48.2550,60.7430,0.000615
_0674_,VSS,Metal1,41.9090,60.7510,0.000566
_0673_,VSS,Metal1,41.2600,60.1900,0.000566
_0672_,VSS,Metal1,38.9320,60.6600,0.000339
_0671_,VSS,Metal1,33.3460,53.2300,0.000104
_0670_,VSS,Metal1,35.1200,67.7060,0.000474
_0669_,VSS,Metal1,30.3890,60.7510,0.000296
_0668_,VSS,Metal1,33.8550,60.7430,0.000339
_0667_,VSS,Metal1,26.4800,67.7060,0.000058
_0666_,VSS,Metal1,20.3090,60.2080,0.000101
_0665_,VSS,Metal1,17.5050,60.2160,0.000103
_0664_,VSS,Metal1,15.5090,53.1910,0.000034
_0663_,VSS,Metal1,11.6690,53.1910,0.000037
_0662_,VSS,Metal1,13.4200,60.1900,0.000144
_0661_,VSS,Metal1,14.2450,52.6670,0.000034
_0660_,VSS,Metal1,10.7850,52.6560,0.000037
_0659_,VSS,Metal1,11.9800,45.6500,0.000032
_0658_,VSS,Metal1,15.1050,60.2160,0.000106
_0657_,VSS,Metal1,14.4350,37.9550,0.000071
_0656_,VSS,Metal1,22.2290,67.7680,0.000070
_0655_,VSS,Metal1,30.4650,68.3030,0.000438
_0654_,VSS,Metal1,16.6570,67.8060,0.000092
_0653_,VSS,Metal1,24.4450,52.7650,0.000029
_0652_,VSS,Metal1,60.5900,60.7270,0.000611
_0651_,VSS,Metal1,57.6000,60.7730,0.000616
_0650_,VSS,Metal1,55.2530,60.8100,0.000619
_0649_,VSS,Metal1,56.0230,60.2030,0.000618
_0648_,VSS,Metal1,53.7250,60.3250,0.000620
_0647_,VSS,Metal1,51.4700,60.2320,0.000620
_0646_,VSS,Metal1,45.7490,60.2080,0.000612
_0645_,VSS,Metal1,43.4550,60.2160,0.000570
_0644_,VSS,Metal1,43.2350,45.5150,0.000622
_0643_,VSS,Metal1,38.5490,53.1910,0.000399
_0642_,VSS,Metal1,34.6400,52.5860,0.000104
_0641_,VSS,Metal1,37.8680,52.7400,0.000399
_0640_,VSS,Metal1,33.4570,45.5930,0.000277
_0639_,VSS,Metal1,27.4400,52.5860,0.000035
_0638_,VSS,Metal1,22.2290,45.6310,0.000026
_0637_,VSS,Metal1,19.4250,45.6230,0.000027
_0636_,VSS,Metal1,15.0290,45.0880,0.000031
_0635_,VSS,Metal1,11.1890,45.0880,0.000032
_0634_,VSS,Metal1,8.6200,45.0700,0.000032
_0633_,VSS,Metal1,11.8450,38.0520,0.000074
_0632_,VSS,Metal1,9.8250,38.0630,0.000075
_0631_,VSS,Metal1,10.5800,37.5100,0.000075
_0630_,VSS,Metal1,13.6650,45.6230,0.000031
_0629_,VSS,Metal1,20.6050,30.3950,0.000019
_0628_,VSS,Metal1,27.5850,60.2160,0.000137
_0627_,VSS,Metal1,24.5610,59.7950,0.000044
_0626_,VSS,Metal1,26.7250,60.7320,0.000092
_0625_,VSS,Metal1,30.2050,45.2050,0.000271
_0624_,VSS,Metal1,57.0850,52.7650,0.000402
_0623_,VSS,Metal1,65.8410,53.6040,0.000539
_0622_,VSS,Metal1,61.7830,52.6430,0.000532
_0621_,VSS,Metal1,59.0750,52.7650,0.000527
_0620_,VSS,Metal1,58.1780,45.6070,0.000686
_0619_,VSS,Metal1,63.7860,52.5900,0.000540
_0618_,VSS,Metal1,58.7850,53.1830,0.000527
_0617_,VSS,Metal1,53.9090,45.6310,0.000702
_0616_,VSS,Metal1,54.7710,45.1800,0.000702
_0615_,VSS,Metal1,51.1050,45.6230,0.000701
_0614_,VSS,Metal1,48.9950,37.9550,0.000528
_0613_,VSS,Metal1,46.6400,45.6930,0.000650
_0612_,VSS,Metal1,41.4290,45.0880,0.000609
_0611_,VSS,Metal1,38.6250,45.0960,0.000445
_0610_,VSS,Metal1,33.2000,45.0260,0.000277
_0609_,VSS,Metal1,27.5090,38.0710,0.000026
_0608_,VSS,Metal1,24.7050,38.0630,0.000026
_0607_,VSS,Metal1,21.2690,37.5280,0.000064
_0606_,VSS,Metal1,17.4290,37.5280,0.000068
_0605_,VSS,Metal1,14.8600,37.5100,0.000071
_0604_,VSS,Metal1,19.0450,38.0520,0.000067
_0603_,VSS,Metal1,16.0950,30.5030,0.000019
_0602_,VSS,Metal1,19.1800,29.9500,0.000019
_0601_,VSS,Metal1,21.8550,38.0630,0.000064
_0600_,VSS,Metal1,28.3550,22.8350,0.000067
_0599_,VSS,Metal1,31.1480,45.5400,0.000277
_0598_,VSS,Metal1,31.4260,52.6100,0.000096
_0597_,VSS,Metal1,36.3700,60.2320,0.000339
_0596_,VSS,Metal1,35.3650,53.1720,0.000104
_0595_,VSS,Metal1,39.3250,37.6450,0.000126
_0594_,VSS,Metal1,67.2350,45.5150,0.000645
_0593_,VSS,Metal1,63.8750,45.5150,0.000660
_0592_,VSS,Metal1,61.7770,45.5930,0.000673
_0591_,VSS,Metal1,66.0150,38.0630,0.000450
_0590_,VSS,Metal1,57.6800,38.1330,0.000539
_0589_,VSS,Metal1,56.2110,37.6200,0.000539
_0588_,VSS,Metal1,51.9890,38.0710,0.000536
_0587_,VSS,Metal1,49.1090,37.5280,0.000528
_0586_,VSS,Metal1,52.5750,37.5360,0.000536
_0585_,VSS,Metal1,42.3200,37.4660,0.000487
_0584_,VSS,Metal1,36.6290,30.5110,0.000136
_0583_,VSS,Metal1,33.8250,30.5030,0.000133
_0582_,VSS,Metal1,27.5090,29.9680,0.000018
_0581_,VSS,Metal1,25.1090,22.9510,0.000007
_0580_,VSS,Metal1,25.4200,22.3900,0.000007
_0579_,VSS,Metal1,22.7150,22.9320,0.000007
_0578_,VSS,Metal1,22.7850,22.4160,0.000007
_0577_,VSS,Metal1,27.8200,22.3900,0.000067
_0576_,VSS,Metal1,24.7050,29.9760,0.000019
_0575_,VSS,Metal1,36.4450,22.8350,0.000101
_0574_,VSS,Metal1,41.5350,38.0630,0.000487
_0573_,VSS,Metal1,44.7210,44.6750,0.000650
_0572_,VSS,Metal1,40.6450,45.6120,0.000609
_0571_,VSS,Metal1,48.4450,30.0850,0.000149
_0570_,VSS,Metal1,46.3330,37.4900,0.000498
_0569_,VSS,Metal1,69.3450,45.6230,0.000645
_0568_,VSS,Metal1,73.1850,38.0630,0.000409
_0567_,VSS,Metal1,70.8850,30.4920,0.000225
_0566_,VSS,Metal1,70.0450,37.9550,0.000438
_0565_,VSS,Metal1,66.2050,30.4920,0.000222
_0564_,VSS,Metal1,67.2800,37.4660,0.000449
_0563_,VSS,Metal1,63.8920,37.6200,0.000462
_0562_,VSS,Metal1,56.7890,30.5110,0.000212
_0561_,VSS,Metal1,54.1870,30.4200,0.000210
_0560_,VSS,Metal1,57.3730,22.3700,0.000196
_0559_,VSS,Metal1,51.0290,29.9680,0.000185
_0558_,VSS,Metal1,49.0400,23.0130,0.000191
_0557_,VSS,Metal1,44.2130,23.0100,0.000118
_0556_,VSS,Metal1,45.8250,22.9430,0.000118
_0555_,VSS,Metal1,39.0290,22.9510,0.000104
_0554_,VSS,Metal1,36.6290,22.4080,0.000101
_0553_,VSS,Metal1,35.7460,15.4300,0.000042
_0552_,VSS,Metal1,34.0270,22.5000,0.000091
_0551_,VSS,Metal1,31.6600,22.3900,0.000081
_0550_,VSS,Metal1,33.8250,22.9430,0.000091
_0549_,VSS,Metal1,47.6690,30.5110,0.000149
_0548_,VSS,Metal1,34.9860,37.4700,0.000069
_0547_,VSS,Metal1,28.5460,37.4900,0.000026
_0546_,VSS,Metal1,31.6300,37.5700,0.000029
_0545_,VSS,Metal1,76.5450,37.5360,0.000288
_0544_,VSS,Metal1,76.4300,30.4870,0.000220
_0543_,VSS,Metal1,74.4000,37.5060,0.000409
_0542_,VSS,Metal1,70.7090,37.5280,0.000438
_0541_,VSS,Metal1,68.8650,30.5030,0.000223
_0540_,VSS,Metal1,63.8920,30.0600,0.000215
_0539_,VSS,Metal1,61.4920,30.0600,0.000212
_0538_,VSS,Metal1,63.8050,15.2750,0.000082
_0537_,VSS,Metal1,55.7600,23.0130,0.000196
_0536_,VSS,Metal1,51.0160,22.4030,0.000191
_0535_,VSS,Metal1,54.5700,22.4080,0.000196
_0534_,VSS,Metal1,48.8170,22.4460,0.000191
_0533_,VSS,Metal1,51.4130,15.4500,0.000084
_0532_,VSS,Metal1,40.3200,22.3860,0.000104
_0531_,VSS,Metal1,43.1460,22.3500,0.000118
_0530_,VSS,Metal1,38.1750,15.3830,0.000043
_0529_,VSS,Metal1,77.1700,29.9920,0.000220
_0528_,VSS,Metal1,72.9600,22.9730,0.000169
_0527_,VSS,Metal1,70.3060,22.9900,0.000171
_0526_,VSS,Metal1,79.1470,30.0600,0.000220
_0525_,VSS,Metal1,79.6260,60.1500,0.000487
_0524_,VSS,Metal1,73.3300,30.4870,0.000225
_0523_,VSS,Metal1,71.5710,30.0600,0.000225
_0522_,VSS,Metal1,64.9490,22.4080,0.000176
_0521_,VSS,Metal1,68.4150,22.4160,0.000174
_0520_,VSS,Metal1,61.0410,21.9950,0.000177
_0519_,VSS,Metal1,63.6850,22.9320,0.000176
_0518_,VSS,Metal1,40.5450,15.3830,0.000053
_0517_,VSS,Metal1,78.0700,22.4260,0.000162
_0516_,VSS,Metal1,77.8700,15.3670,0.000065
_0515_,VSS,Metal1,70.4050,22.4270,0.000171
_0514_,VSS,Metal1,73.4470,22.5120,0.000169
_0513_,VSS,Metal1,81.0660,29.9100,0.000198
_0512_,VSS,Metal1,89.1700,15.3670,0.000050
_0511_,VSS,Metal1,105.7100,22.9270,0.000097
_0510_,VSS,Metal1,99.2500,37.5520,0.000147
_0509_,VSS,Metal1,102.6100,45.6070,0.000116
_0508_,VSS,Metal1,104.0500,45.1120,0.000569
_0507_,VSS,Metal1,103.5700,98.0320,0.000394
_0506_,VSS,Metal1,75.2500,113.1520,0.000592
_0505_,VSS,Metal1,14.9900,113.1520,0.000060
_0504_,VSS,Metal1,69.0100,120.7120,0.000728
_0503_,VSS,Metal1,81.7100,121.2070,0.000315
_0502_,VSS,Metal1,70.9300,128.7670,0.001036
_0501_,VSS,Metal1,102.6100,128.2720,0.000141
_0500_,VSS,Metal1,92.5300,120.7120,0.000303
_0499_,VSS,Metal1,111.7300,120.7120,0.000151
_0498_,VSS,Metal1,103.0900,106.0870,0.000409
_0497_,VSS,Metal1,104.2700,83.4070,0.000169
_0496_,VSS,Metal1,110.7700,67.7920,0.000365
_0495_,VSS,Metal1,99.9500,68.2870,0.000139
_0494_,VSS,Metal1,102.6100,60.2320,0.000091
